[{"@type":"mappingTemplate","id":"@1","name":"MappingHierarchyExport","description":"","autoExpireObject":false,"bundleVersion":"0","assetFrsGuid":"8OzoSOtR6U2eyYEzi77eG7","templateId":"@3","deployTime":1729173593000,"hasParameters":false,"valid":true,"fixedConnection":true,"hasParametersDeployed":false,"fixedConnectionDeployed":true,"isSchemaValidationEnabled":false,"tasks":1,"mappingPreviewFileRecordId":"@2","documentType":"MAPPING","allowMaxFieldLength":false,"specialCharacterSupport":false,"references":[{"@type":"reference","refObjectId":"@5aVh9FOApmflKa6jxntGK0","refType":"connection"},{"@type":"reference","refObjectId":"@aCjo7kZfjOrb3KkXDoR7QT","refType":"connection"}]}]