[{"@type":"mappingTemplate","id":"@1","name":"MappingMKSPersonToOrg","description":"","autoExpireObject":false,"bundleVersion":"0","assetFrsGuid":"8qcco5Q54I1dxvCyEFg0Wa","templateId":"@3","deployTime":1729176122000,"hasParameters":false,"valid":true,"fixedConnection":true,"hasParametersDeployed":false,"fixedConnectionDeployed":true,"isSchemaValidationEnabled":false,"tasks":1,"mappingPreviewFileRecordId":"@2","documentType":"MAPPING","allowMaxFieldLength":false,"specialCharacterSupport":false,"references":[{"@type":"reference","refObjectId":"@aCjo7kZfjOrb3KkXDoR7QT","refType":"connection"},{"@type":"reference","refObjectId":"@5aVh9FOApmflKa6jxntGK0","refType":"connection"}]}]